TestName,Run,Recording,Io,Analysis,AnaHb,AnaExitCode,AnaLeak,AnaClose,AnaConcurrent,AnaResource,AnaSelWithoutPartner,AnaUnlock,AnaWait,AnaMixed,FuzzingAna,FuzzingMut,Rewrite,Replay,NumberReplay
TestAdminHandlerErrorHandling,0.33574,0.43854,0.00022,0.00032,0.00016,0.00000,0.00001,0.00005,0.00005,0.00003,0.00000,0.00000,0.00000,0.00000,0.00005,0.00000,0.00006,0.00008,0
TestAdminHandlerErrorHandling,0.33574,60.58783,0.00016,0.00017,0.00007,0.00000,0.00001,0.00003,0.00000,0.00001,0.00000,0.00000,0.00000,0.00000,0.00000,0.00000,0.00008,0.00006,0
