TestName,Run,Recording,Io,Analysis,AnaHb,AnaExitCode,AnaLeak,AnaClose,AnaConcurrent,AnaResource,AnaSelWithoutPartner,AnaUnlock,AnaWait,AnaMixed,FuzzingAna,FuzzingMut,Rewrite,Replay,NumberReplay
TestA01_Mixed,0.29680,0.39406,0.00017,0.00008,0.00002,0.00001,0.00000,0.00001,0.00000,0.00000,0.00000,0.00000,0.00000,0.00000,0.00000,0.00000,0.00004,0.00004,0
TestA01_Mixed,0.29680,0.45717,0.00164,0.00011,0.00002,0.00001,0.00000,0.00001,0.00000,0.00000,0.00000,0.00000,0.00000,0.00000,0.00000,0.00000,0.00006,0.00007,0
TestA01_Mixed,0.29680,0.47268,0.00022,0.00011,0.00002,0.00001,0.00000,0.00001,0.00000,0.00000,0.00000,0.00000,0.00000,0.00000,0.00000,0.00000,0.00004,0.00006,0
TestA01_Mixed,0.29680,0.40196,0.00020,0.00010,0.00002,0.00002,0.00000,0.00001,0.00000,0.00000,0.00000,0.00000,0.00000,0.00000,0.00000,0.00000,0.00004,0.00008,0
TestA01_Mixed,0.29680,0.42805,0.00020,0.00009,0.00001,0.00001,0.00000,0.00001,0.00000,0.00000,0.00000,0.00000,0.00000,0.00000,0.00000,0.00000,0.00003,0.00007,0
