Mode,Unique_Bugs,Unique_Bug_Types,Total_Bugs,Total_Runs,Total_Time_s,Rec_s,Ana_s,Rep_s
GFuzz,1,L00,0,1,0120.54498,60.34582,0.00001,0.00000
GoPie,1,L00,0,1,0120.47829,60.31086,0.00001,0.00000
GoPie+,1,L00,0,1,0120.45427,60.26878,0.00001,0.00000
