Mode,TestName,Run,Recording,Io,Analysis,AnaHb,AnaExitCode,AnaLeak,AnaClose,AnaConcurrent,AnaResource,AnaSelWithoutPartner,AnaUnlock,AnaWait,AnaMixed,FuzzingAna,FuzzingMut,Rewrite,Replay,NumberReplay
Flow,TestContextGetInt16,0.83919,0.90210,0.00009,0.00008,0.00000,0.00000,0.00001,0.00000,0.00000,0.00001,0.00000,0.00000,0.00000,0.00000,0.00000,0.00000,0.00000,0.00009,0
GFuzz,TestContextGetInt16,1.11631,2.49913,0.00012,0.00000,0.00000,0.00000,0.00000,0.00000,0.00000,0.00000,0.00000,0.00000,0.00000,0.00000,0.00000,0.00000,0.00000,0.00000,0
GFuzzHB,TestContextGetInt16,0.94309,0.93729,0.00013,0.00011,0.00001,0.00000,0.00001,0.00000,0.00000,0.00002,0.00000,0.00000,0.00000,0.00000,0.00000,0.00000,0.00000,0.00013,0
GFuzzHBFlow,TestContextGetInt16,0.82248,0.85429,0.00011,0.00011,0.00001,0.00000,0.00001,0.00000,0.00000,0.00002,0.00000,0.00000,0.00000,0.00000,0.00000,0.00000,0.00000,0.00014,0
GoPie+,TestContextGetInt16,0.78206,0.87000,0.00010,0.00000,0.00000,0.00000,0.00000,0.00000,0.00000,0.00000,0.00000,0.00000,0.00000,0.00000,0.00000,0.00000,0.00000,0.00000,0
GoPie,TestContextGetInt16,0.79167,0.82266,0.00008,0.00000,0.00000,0.00000,0.00000,0.00000,0.00000,0.00000,0.00000,0.00000,0.00000,0.00000,0.00000,0.00000,0.00000,0.00000,0
GoPieHB,TestContextGetInt16,0.70664,0.86912,0.00012,0.00075,0.00001,0.00000,0.00001,0.00000,0.00000,0.00003,0.00000,0.00000,0.00000,0.00000,0.00000,0.00000,0.00000,0.00015,0
