Mode,TestName,Run,Recording,Io,Analysis,AnaHb,AnaExitCode,AnaLeak,AnaClose,AnaConcurrent,AnaResource,AnaSelWithoutPartner,AnaUnlock,AnaWait,AnaMixed,FuzzingAna,FuzzingMut,Rewrite,Replay,NumberReplay
Flow,TestContextGetInt64,0.76259,0.81504,0.00009,0.00008,0.00000,0.00000,0.00001,0.00000,0.00000,0.00001,0.00000,0.00000,0.00000,0.00000,0.00000,0.00000,0.00000,0.00010,0
GFuzz,TestContextGetInt64,0.79405,1.69714,0.00009,0.00000,0.00000,0.00000,0.00000,0.00000,0.00000,0.00000,0.00000,0.00000,0.00000,0.00000,0.00000,0.00000,0.00000,0.00000,0
GFuzzHB,TestContextGetInt64,0.76220,0.83244,0.00008,0.00007,0.00000,0.00000,0.00001,0.00000,0.00000,0.00001,0.00000,0.00000,0.00000,0.00000,0.00000,0.00000,0.00000,0.00008,0
GFuzzHBFlow,TestContextGetInt64,0.78326,0.82518,0.00012,0.00009,0.00000,0.00000,0.00001,0.00000,0.00000,0.00002,0.00000,0.00000,0.00000,0.00000,0.00000,0.00000,0.00000,0.00012,0
GoPie+,TestContextGetInt64,0.75795,0.88577,0.00008,0.00000,0.00000,0.00000,0.00000,0.00000,0.00000,0.00000,0.00000,0.00000,0.00000,0.00000,0.00000,0.00000,0.00000,0.00000,0
GoPie,TestContextGetInt64,0.75749,0.85571,0.00009,0.00000,0.00000,0.00000,0.00000,0.00000,0.00000,0.00000,0.00000,0.00000,0.00000,0.00000,0.00000,0.00000,0.00000,0.00000,0
GoPieHB,TestContextGetInt64,0.82412,0.84866,0.00009,0.00009,0.00000,0.00000,0.00001,0.00000,0.00000,0.00002,0.00000,0.00000,0.00000,0.00000,0.00000,0.00000,0.00000,0.00009,0
