TestName,Run,Recording,Io,Analysis,AnaHb,AnaExitCode,AnaLeak,AnaClose,AnaConcurrent,AnaResource,AnaSelWithoutPartner,AnaUnlock,AnaWait,AnaMixed,FuzzingAna,FuzzingMut,Rewrite,Replay,NumberReplay
TestSelectWithPartner,0.29268,0.52361,0.00014,0.00016,0.00008,0.00000,0.00000,0.00000,0.00001,0.00000,0.00001,0.00000,0.00000,0.00000,0.00001,0.00000,0.00000,0.00007,0
TestSelectWithPartner,0.29268,2.36535,0.00010,0.00000,0.00000,0.00000,0.00000,0.00000,0.00000,0.00000,0.00000,0.00000,0.00000,0.00000,0.00000,0.00000,0.00000,0.00000,0
TestSelectWithPartner,0.29268,2.28296,0.00010,0.00000,0.00000,0.00000,0.00000,0.00000,0.00000,0.00000,0.00000,0.00000,0.00000,0.00000,0.00000,0.00000,0.00000,0.00000,0
TestSelectWithPartner,0.29268,0.30505,0.00014,0.00007,0.00002,0.00000,0.00000,0.00000,0.00000,0.00000,0.00001,0.00000,0.00000,0.00000,0.00000,0.00000,0.00000,0.00004,0
TestSelectWithPartner,0.29268,0.29839,0.00012,0.00005,0.00001,0.00000,0.00000,0.00000,0.00000,0.00000,0.00000,0.00000,0.00000,0.00000,0.00000,0.00000,0.00000,0.00003,0
