TestName,Run,Recording,Io,Analysis,AnaHb,AnaExitCode,AnaLeak,AnaClose,AnaConcurrent,AnaResource,AnaSelWithoutPartner,AnaUnlock,AnaWait,AnaMixed,FuzzingAna,FuzzingMut,Rewrite,Replay,NumberReplay
TestDebugPrintRouteFunc,0.51862,0.63423,0.00009,0.00014,0.00002,0.00000,0.00000,0.00000,0.00001,0.00000,0.00000,0.00000,0.00006,0.00000,0.00001,0.00000,0.00000,0.00008,0
TestDebugPrintRouteFunc,0.51862,0.70008,0.00016,0.00013,0.00003,0.00000,0.00000,0.00000,0.00001,0.00000,0.00000,0.00000,0.00003,0.00000,0.00001,0.00000,0.00000,0.00011,0
TestDebugPrintRouteFunc,0.51862,0.68846,0.00015,0.00013,0.00003,0.00000,0.00000,0.00000,0.00001,0.00000,0.00000,0.00000,0.00005,0.00000,0.00001,0.00000,0.00000,0.00013,0
TestDebugPrintRouteFunc,0.51862,0.63940,0.00008,0.00007,0.00002,0.00000,0.00000,0.00000,0.00000,0.00000,0.00000,0.00000,0.00001,0.00000,0.00001,0.00000,0.00000,0.00006,0
TestDebugPrintRouteFunc,0.51862,0.65604,0.00000,0.00000,0.00000,0.00000,0.00000,0.00000,0.00000,0.00000,0.00000,0.00000,0.00000,0.00000,0.00000,0.00000,0.00000,0.00000,0
TestDebugPrintRouteFunc,0.51862,70.55974,0.00001,0.00000,0.00000,0.00000,0.00000,0.00000,0.00000,0.00000,0.00000,0.00000,0.00000,0.00000,0.00000,0.00000,0.00000,0.00000,0
