TestName,Run,Recording,Io,Analysis,AnaHb,AnaExitCode,AnaLeak,AnaClose,AnaConcurrent,AnaResource,AnaSelWithoutPartner,AnaUnlock,AnaWait,AnaMixed,FuzzingAna,FuzzingMut,Rewrite,Replay,NumberReplay
TestSelectMultiple,0.15122,0.25138,0.00012,0.00007,0.00000,0.00000,0.00000,0.00000,0.00000,0.00000,0.00001,0.00000,0.00000,0.00000,0.00000,0.00000,0.00000,0.00004,0
TestSelectMultiple,0.15122,0.26223,0.00017,0.00007,0.00000,0.00000,0.00000,0.00000,0.00000,0.00000,0.00002,0.00000,0.00000,0.00000,0.00000,0.00000,0.00000,0.00004,0
TestSelectMultiple,0.15122,2.16276,0.00003,0.00000,0.00000,0.00000,0.00000,0.00000,0.00000,0.00000,0.00000,0.00000,0.00000,0.00000,0.00000,0.00000,0.00000,0.00000,0
TestSelectMultiple,0.15122,0.30120,0.00045,0.00082,0.00004,0.00000,0.00000,0.00000,0.00000,0.00000,0.00001,0.00007,0.00000,0.00000,0.00001,0.00000,0.00036,0.80438,1
TestSelectMultiple,0.15122,2.17672,0.00004,0.00000,0.00000,0.00000,0.00000,0.00000,0.00000,0.00000,0.00000,0.00000,0.00000,0.00000,0.00000,0.00000,0.00000,0.00000,0
TestSelectMultiple,0.15122,0.30758,0.00016,0.00009,0.00001,0.00000,0.00000,0.00000,0.00000,0.00000,0.00001,0.00000,0.00000,0.00000,0.00000,0.00000,0.00000,0.00004,0
