TestName,Run,Recording,Io,Analysis,AnaHb,AnaExitCode,AnaLeak,AnaClose,AnaConcurrent,AnaResource,AnaSelWithoutPartner,AnaUnlock,AnaWait,AnaMixed,FuzzingAna,FuzzingMut,Rewrite,Replay,NumberReplay
TestContextRenderHTML2,0.47941,0.62046,0.00010,0.00014,0.00003,0.00000,0.00000,0.00000,0.00001,0.00000,0.00000,0.00000,0.00005,0.00000,0.00001,0.00000,0.00000,0.00008,0
TestContextRenderHTML2,0.47941,660.53199,0.00001,0.00000,0.00000,0.00000,0.00000,0.00000,0.00000,0.00000,0.00000,0.00000,0.00000,0.00000,0.00000,0.00000,0.00000,0.00000,0
