Mode,TestName,Run,Recording,Io,Analysis,AnaHb,AnaExitCode,AnaLeak,AnaClose,AnaConcurrent,AnaResource,AnaSelWithoutPartner,AnaUnlock,AnaWait,AnaMixed,FuzzingAna,FuzzingMut,Rewrite,Replay,NumberReplay
Flow,TestUnbufferedLeakNoRecv,0.12781,0.26246,0.00010,0.00008,0.00000,0.00000,0.00002,0.00000,0.00000,0.00000,0.00001,0.00000,0.00000,0.00000,0.00000,0.00000,0.00002,0.00004,0
GFuzz,TestUnbufferedLeakNoRecv,0.12946,0.26523,0.00011,0.00001,0.00000,0.00000,0.00001,0.00000,0.00000,0.00000,0.00000,0.00000,0.00000,0.00000,0.00000,0.00000,0.00000,0.00000,0
GFuzzHB,TestUnbufferedLeakNoRecv,0.14765,0.24449,0.00014,0.00005,0.00000,0.00000,0.00001,0.00000,0.00000,0.00000,0.00000,0.00000,0.00000,0.00000,0.00000,0.00000,0.00003,0.00005,0
GFuzzHBFlow,TestUnbufferedLeakNoRecv,0.13355,0.25690,0.00013,0.00006,0.00000,0.00000,0.00001,0.00000,0.00000,0.00000,0.00000,0.00000,0.00000,0.00000,0.00000,0.00000,0.00002,0.00004,0
GoPie+,TestUnbufferedLeakNoRecv,0.14031,0.24750,0.00008,0.00001,0.00000,0.00000,0.00001,0.00000,0.00000,0.00000,0.00000,0.00000,0.00000,0.00000,0.00000,0.00000,0.00000,0.00000,0
GoPie,TestUnbufferedLeakNoRecv,0.14092,0.23954,0.00013,0.00001,0.00000,0.00000,0.00001,0.00000,0.00000,0.00000,0.00000,0.00000,0.00000,0.00000,0.00000,0.00000,0.00000,0.00000,0
GoPieHB,TestUnbufferedLeakNoRecv,0.14339,0.25564,0.00012,0.00006,0.00000,0.00000,0.00001,0.00000,0.00000,0.00000,0.00000,0.00000,0.00000,0.00000,0.00000,0.00000,0.00002,0.00004,0
