TestName,Run,Recording,Io,Analysis,AnaHb,AnaExitCode,AnaLeak,AnaClose,AnaConcurrent,AnaResource,AnaSelWithoutPartner,AnaUnlock,AnaWait,AnaMixed,FuzzingAna,FuzzingMut,Rewrite,Replay,NumberReplay
TestDebugPrintRoutes,0.49172,0.61224,0.00009,0.00015,0.00002,0.00000,0.00000,0.00000,0.00001,0.00000,0.00000,0.00000,0.00005,0.00000,0.00001,0.00000,0.00000,0.00009,0
TestDebugPrintRoutes,0.49172,70.59631,0.00017,0.00000,0.00000,0.00000,0.00000,0.00000,0.00000,0.00000,0.00000,0.00000,0.00000,0.00000,0.00000,0.00000,0.00000,0.00009,0
