Test,Flow,GFuzz,GFuzzHB,GFuzzHBFlow,GoPie,GoPie+,GoPieHB
TestWGDoubleDone,0.55957,0.55298,0.58228,0.60848,0.71171,0.87226,0.77512
TestWGMissingDone,120.4574,120.74113,120.55583,120.53001,120.5757,120.52745,120.54286
TestWGNested,0.41647,0.39898,0.41089,0.41567,0.48569,600.6026,76.5786
