TestName,Run,Recording,Io,Analysis,AnaHb,AnaExitCode,AnaLeak,AnaClose,AnaConcurrent,AnaResource,AnaSelWithoutPartner,AnaUnlock,AnaWait,AnaMixed,FuzzingAna,FuzzingMut,Rewrite,Replay,NumberReplay
TestGetFlagCompletion,0.31267,0.42533,0.00021,0.00025,0.00002,0.00000,0.00003,0.00000,0.00000,0.00005,0.00000,0.00001,0.00000,0.00000,0.00000,0.00000,0.00000,0.00011,0
TestGetFlagCompletion,0.31267,0.46051,0.00035,0.00021,0.00002,0.00000,0.00003,0.00000,0.00000,0.00006,0.00000,0.00001,0.00000,0.00000,0.00000,0.00000,0.00000,0.00012,0
TestGetFlagCompletion,0.31267,70.35833,0.00001,0.00000,0.00000,0.00000,0.00000,0.00000,0.00000,0.00000,0.00000,0.00000,0.00000,0.00000,0.00000,0.00000,0.00000,0.00000,0
