TestName,Run,Recording,Io,Analysis,AnaHb,AnaExitCode,AnaLeak,AnaClose,AnaConcurrent,AnaResource,AnaSelWithoutPartner,AnaUnlock,AnaWait,AnaMixed,FuzzingAna,FuzzingMut,Rewrite,Replay,NumberReplay
TestDebugPrintLoadTemplate,0.50452,0.62197,0.00006,0.00010,0.00002,0.00000,0.00000,0.00000,0.00000,0.00000,0.00000,0.00000,0.00004,0.00000,0.00000,0.00000,0.00000,0.00006,0
TestDebugPrintLoadTemplate,0.50452,0.63952,0.00012,0.00011,0.00002,0.00000,0.00000,0.00000,0.00000,0.00000,0.00000,0.00000,0.00002,0.00000,0.00001,0.00000,0.00000,0.00009,0
TestDebugPrintLoadTemplate,0.50452,1.29399,0.00013,0.00016,0.00003,0.00000,0.00000,0.00000,0.00001,0.00000,0.00000,0.00000,0.00006,0.00000,0.00001,0.00000,0.00000,0.00010,0
TestDebugPrintLoadTemplate,0.50452,1.31593,0.00010,0.00011,0.00002,0.00000,0.00000,0.00000,0.00000,0.00000,0.00000,0.00000,0.00004,0.00000,0.00001,0.00000,0.00000,0.00007,0
TestDebugPrintLoadTemplate,0.50452,2.26681,0.00009,0.00009,0.00002,0.00000,0.00000,0.00000,0.00000,0.00000,0.00000,0.00000,0.00002,0.00000,0.00001,0.00000,0.00000,0.00007,0
TestDebugPrintLoadTemplate,0.50452,71.13689,0.00001,0.00000,0.00000,0.00000,0.00000,0.00000,0.00000,0.00000,0.00000,0.00000,0.00000,0.00000,0.00000,0.00000,0.00000,0.00000,0
