Mode,TestName,Run,Recording,Io,Analysis,AnaHb,AnaExitCode,AnaLeak,AnaClose,AnaConcurrent,AnaResource,AnaSelWithoutPartner,AnaUnlock,AnaWait,AnaMixed,FuzzingAna,FuzzingMut,Rewrite,Replay,NumberReplay
Flow,TestBashCompletionNoActiveHelp,0.34336,0.42262,0.00010,0.00008,0.00000,0.00000,0.00001,0.00000,0.00000,0.00002,0.00000,0.00000,0.00000,0.00000,0.00000,0.00000,0.00000,0.00009,0
GFuzz,TestBashCompletionNoActiveHelp,0.31450,1.04945,0.00010,0.00000,0.00000,0.00000,0.00000,0.00000,0.00000,0.00000,0.00000,0.00000,0.00000,0.00000,0.00000,0.00000,0.00000,0.00000,0
GFuzzHB,TestBashCompletionNoActiveHelp,0.29995,0.44279,0.00007,0.00006,0.00000,0.00000,0.00001,0.00000,0.00000,0.00001,0.00000,0.00000,0.00000,0.00000,0.00000,0.00000,0.00000,0.00006,0
GFuzzHBFlow,TestBashCompletionNoActiveHelp,0.31975,0.46221,0.00007,0.00007,0.00000,0.00000,0.00001,0.00000,0.00000,0.00001,0.00000,0.00000,0.00000,0.00000,0.00000,0.00000,0.00000,0.00008,0
GoPie+,TestBashCompletionNoActiveHelp,0.31526,0.42154,0.00007,0.00000,0.00000,0.00000,0.00000,0.00000,0.00000,0.00000,0.00000,0.00000,0.00000,0.00000,0.00000,0.00000,0.00000,0.00000,0
GoPie,TestBashCompletionNoActiveHelp,0.32922,0.46026,0.00012,0.00000,0.00000,0.00000,0.00000,0.00000,0.00000,0.00000,0.00000,0.00000,0.00000,0.00000,0.00000,0.00000,0.00000,0.00000,0
GoPieHB,TestBashCompletionNoActiveHelp,0.32619,0.44334,0.00008,0.00007,0.00000,0.00000,0.00001,0.00000,0.00000,0.00001,0.00000,0.00000,0.00000,0.00000,0.00000,0.00000,0.00000,0.00008,0
