Test,Flow,GFuzz,GFuzzHB,GFuzzHBFlow,GoPie,GoPie+,GoPieHB
TestBufferedDrainSlow,0.44333,0.43094,0.40376,0.44886,604.03013,615.18167,3.14871
TestBufferedFillNoRead,0.54099,0.42185,0.47145,0.52824,33.96516,71.367,600.6823
TestUnbufferedLeakNoRecv,0.40066,0.40588,0.40446,0.40322,0.39485,0.3999,0.40866
TestUnbufferedRecvNoSend,120.41396,120.51244,120.54302,120.48173,120.47829,120.46281,120.5279
TestUnbufferedSendRecv,0.41153,0.43061,0.43201,0.40341,71.4785,70.89399,70.58751
