TestName,Run,Recording,Io,Analysis,AnaHb,AnaExitCode,AnaLeak,AnaClose,AnaConcurrent,AnaResource,AnaSelWithoutPartner,AnaUnlock,AnaWait,AnaMixed,FuzzingAna,FuzzingMut,Rewrite,Replay,NumberReplay
TestRunQUIC,0.57298,0.66112,0.00031,0.00025,0.00001,0.00000,0.00006,0.00000,0.00000,0.00002,0.00001,0.00000,0.00000,0.00000,0.00000,0.00000,0.00055,0.00009,0
TestRunQUIC,0.57298,0.62500,0.00034,0.00024,0.00002,0.00000,0.00006,0.00000,0.00000,0.00002,0.00001,0.00000,0.00000,0.00000,0.00000,0.00000,0.00055,0.00009,0
TestRunQUIC,0.57298,0.62424,0.00036,0.00022,0.00001,0.00000,0.00005,0.00000,0.00000,0.00002,0.00001,0.00000,0.00000,0.00000,0.00000,0.00000,0.00045,0.00008,0
TestRunQUIC,0.57298,0.62225,0.00050,0.00028,0.00002,0.00000,0.00007,0.00000,0.00000,0.00002,0.00001,0.00000,0.00000,0.00000,0.00000,0.00000,0.00062,0.00011,0
TestRunQUIC,0.57298,660.52984,0.00039,0.00024,0.00002,0.00000,0.00006,0.00000,0.00000,0.00002,0.00001,0.00000,0.00000,0.00000,0.00000,0.00000,0.00056,0.00011,0
