Mode,TestName,Run,Recording,Io,Analysis,AnaHb,AnaExitCode,AnaLeak,AnaClose,AnaConcurrent,AnaResource,AnaSelWithoutPartner,AnaUnlock,AnaWait,AnaMixed,FuzzingAna,FuzzingMut,Rewrite,Replay,NumberReplay
Flow,TestContextShouldBindBodyWith,0.54319,0.64992,0.00008,0.00019,0.00002,0.00000,0.00002,0.00000,0.00000,0.00004,0.00000,0.00001,0.00000,0.00000,0.00000,0.00000,0.00000,0.00007,0
GFuzz,TestContextShouldBindBodyWith,0.55535,1.33284,0.00008,0.00001,0.00000,0.00001,0.00000,0.00000,0.00000,0.00000,0.00000,0.00000,0.00000,0.00000,0.00000,0.00000,0.00000,0.00000,0
GFuzzHB,TestContextShouldBindBodyWith,0.56753,0.65792,0.00015,0.00029,0.00003,0.00000,0.00004,0.00000,0.00000,0.00007,0.00000,0.00001,0.00000,0.00000,0.00000,0.00000,0.00000,0.00011,0
GFuzzHBFlow,TestContextShouldBindBodyWith,0.54940,0.63248,0.00017,0.00027,0.00004,0.00000,0.00003,0.00000,0.00000,0.00007,0.00000,0.00001,0.00000,0.00000,0.00000,0.00000,0.00000,0.00011,0
GoPie+,TestContextShouldBindBodyWith,0.53748,0.64140,0.00011,0.00000,0.00000,0.00000,0.00000,0.00000,0.00000,0.00000,0.00000,0.00000,0.00000,0.00000,0.00000,0.00000,0.00000,0.00000,0
GoPie,TestContextShouldBindBodyWith,0.55718,0.65089,0.00008,0.00000,0.00000,0.00000,0.00000,0.00000,0.00000,0.00000,0.00000,0.00000,0.00000,0.00000,0.00000,0.00000,0.00000,0.00000,0
GoPieHB,TestContextShouldBindBodyWith,0.54716,0.64169,0.00007,0.00017,0.00002,0.00000,0.00002,0.00000,0.00000,0.00004,0.00000,0.00001,0.00000,0.00000,0.00000,0.00000,0.00000,0.00007,0
