TestName,Run,Recording,Io,Analysis,AnaHb,AnaExitCode,AnaLeak,AnaClose,AnaConcurrent,AnaResource,AnaSelWithoutPartner,AnaUnlock,AnaWait,AnaMixed,FuzzingAna,FuzzingMut,Rewrite,Replay,NumberReplay
TestDebugPrintWARNINGDefault,0.50339,0.62323,0.00009,0.00018,0.00003,0.00000,0.00000,0.00000,0.00001,0.00000,0.00000,0.00000,0.00007,0.00000,0.00001,0.00000,0.00000,0.00011,0
TestDebugPrintWARNINGDefault,0.50339,70.64764,0.00003,0.00000,0.00000,0.00000,0.00000,0.00000,0.00000,0.00000,0.00000,0.00000,0.00000,0.00000,0.00000,0.00000,0.00000,0.00009,0
