Mode,TestName,Run,Recording,Io,Analysis,AnaHb,AnaExitCode,AnaLeak,AnaClose,AnaConcurrent,AnaResource,AnaSelWithoutPartner,AnaUnlock,AnaWait,AnaMixed,FuzzingAna,FuzzingMut,Rewrite,Replay,NumberReplay
Flow,TestCycleTwoLocks,60.21574,60.31719,0.00106,0.00019,0.00000,0.00000,0.00003,0.00000,0.00000,0.00005,0.00000,0.00000,0.00000,0.00000,0.00000,0.00000,0.00099,62.28062,3
GFuzz,TestCycleTwoLocks,60.20523,60.33513,0.00008,0.00001,0.00000,0.00000,0.00001,0.00000,0.00000,0.00000,0.00000,0.00000,0.00000,0.00000,0.00000,0.00000,0.00000,0.00000,0
GFuzzHB,TestCycleTwoLocks,60.20902,60.31982,0.00083,0.00016,0.00000,0.00000,0.00002,0.00000,0.00000,0.00004,0.00000,0.00000,0.00000,0.00000,0.00000,0.00000,0.00079,61.88761,3
GFuzzHBFlow,TestCycleTwoLocks,60.16858,60.30325,0.00090,0.00014,0.00000,0.00000,0.00005,0.00000,0.00000,0.00004,0.00000,0.00000,0.00000,0.00000,0.00000,0.00000,0.00086,61.75590,3
GoPie+,TestCycleTwoLocks,60.21395,60.26850,0.00008,0.00001,0.00000,0.00000,0.00001,0.00000,0.00000,0.00000,0.00000,0.00000,0.00000,0.00000,0.00000,0.00000,0.00000,0.00000,0
GoPie,TestCycleTwoLocks,60.19101,60.29339,0.00012,0.00001,0.00000,0.00000,0.00001,0.00000,0.00000,0.00000,0.00000,0.00000,0.00000,0.00000,0.00000,0.00000,0.00000,0.00000,0
GoPieHB,TestCycleTwoLocks,60.21839,60.30265,0.00056,0.00011,0.00000,0.00000,0.00003,0.00000,0.00000,0.00003,0.00000,0.00000,0.00000,0.00000,0.00000,0.00000,0.00055,61.68844,3
