TestName,Run,Recording,Io,Analysis,AnaHb,AnaExitCode,AnaLeak,AnaClose,AnaConcurrent,AnaResource,AnaSelWithoutPartner,AnaUnlock,AnaWait,AnaMixed,FuzzingAna,FuzzingMut,Rewrite,Replay,NumberReplay
TestRunQUIC,0.56251,0.65505,0.00024,0.00022,0.00001,0.00000,0.00005,0.00000,0.00000,0.00001,0.00001,0.00000,0.00000,0.00000,0.00000,0.00000,0.00043,0.00007,0
TestRunQUIC,0.56251,0.62764,0.00026,0.00016,0.00001,0.00000,0.00004,0.00000,0.00000,0.00001,0.00000,0.00000,0.00000,0.00000,0.00000,0.00000,0.00033,0.00006,0
TestRunQUIC,0.56251,0.70325,0.00036,0.00023,0.00002,0.00000,0.00006,0.00000,0.00000,0.00002,0.00001,0.00000,0.00000,0.00000,0.00000,0.00000,0.00051,0.00009,0
TestRunQUIC,0.56251,0.63400,0.00043,0.00029,0.00002,0.00000,0.00007,0.00000,0.00000,0.00002,0.00001,0.00000,0.00000,0.00000,0.00000,0.00000,0.00053,0.00010,0
TestRunQUIC,0.56251,0.62978,0.00045,0.00023,0.00002,0.00000,0.00006,0.00000,0.00000,0.00002,0.00001,0.00000,0.00000,0.00000,0.00000,0.00000,0.00094,0.00012,0
