Mode,TestName,Run,Recording,Io,Analysis,AnaHb,AnaExitCode,AnaLeak,AnaClose,AnaConcurrent,AnaResource,AnaSelWithoutPartner,AnaUnlock,AnaWait,AnaMixed,FuzzingAna,FuzzingMut,Rewrite,Replay,NumberReplay
Flow,TestContextShouldBindBodyWithPlain,0.55428,0.64145,0.00008,0.00014,0.00002,0.00000,0.00002,0.00000,0.00000,0.00003,0.00000,0.00001,0.00000,0.00000,0.00000,0.00000,0.00000,0.00008,0
GFuzz,TestContextShouldBindBodyWithPlain,0.52653,1.25402,0.00006,0.00000,0.00000,0.00000,0.00000,0.00000,0.00000,0.00000,0.00000,0.00000,0.00000,0.00000,0.00000,0.00000,0.00000,0.00000,0
GFuzzHB,TestContextShouldBindBodyWithPlain,0.60023,0.67740,0.00008,0.00015,0.00002,0.00000,0.00002,0.00000,0.00000,0.00003,0.00000,0.00001,0.00000,0.00000,0.00000,0.00000,0.00000,0.00008,0
GFuzzHBFlow,TestContextShouldBindBodyWithPlain,0.56396,0.64794,0.00007,0.00055,0.00017,0.00000,0.00002,0.00000,0.00000,0.00004,0.00000,0.00001,0.00000,0.00000,0.00000,0.00000,0.00000,0.00010,0
GoPie+,TestContextShouldBindBodyWithPlain,0.54025,0.64757,0.00008,0.00000,0.00000,0.00000,0.00000,0.00000,0.00000,0.00000,0.00000,0.00000,0.00000,0.00000,0.00000,0.00000,0.00000,0.00000,0
GoPie,TestContextShouldBindBodyWithPlain,0.55558,0.64512,0.00008,0.00000,0.00000,0.00000,0.00000,0.00000,0.00000,0.00000,0.00000,0.00000,0.00000,0.00000,0.00000,0.00000,0.00000,0.00000,0
GoPieHB,TestContextShouldBindBodyWithPlain,0.54252,0.62708,0.00009,0.00016,0.00001,0.00000,0.00002,0.00000,0.00000,0.00004,0.00000,0.00001,0.00000,0.00000,0.00000,0.00000,0.00000,0.00010,0
