Mode,TestName,Run,Recording,Io,Analysis,AnaHb,AnaExitCode,AnaLeak,AnaClose,AnaConcurrent,AnaResource,AnaSelWithoutPartner,AnaUnlock,AnaWait,AnaMixed,FuzzingAna,FuzzingMut,Rewrite,Replay,NumberReplay
Flow,TestFlagCompletionForPersistentFlagsCalledFromSubCmd,0.36298,0.47225,0.00010,0.00008,0.00000,0.00000,0.00001,0.00000,0.00000,0.00002,0.00000,0.00000,0.00000,0.00000,0.00000,0.00000,0.00000,0.00008,0
GFuzz,TestFlagCompletionForPersistentFlagsCalledFromSubCmd,0.34077,1.13948,0.00008,0.00000,0.00000,0.00000,0.00000,0.00000,0.00000,0.00000,0.00000,0.00000,0.00000,0.00000,0.00000,0.00000,0.00000,0.00000,0
GFuzzHB,TestFlagCompletionForPersistentFlagsCalledFromSubCmd,0.33992,0.47879,0.00011,0.00010,0.00000,0.00000,0.00002,0.00000,0.00000,0.00002,0.00000,0.00000,0.00000,0.00000,0.00000,0.00000,0.00000,0.00009,0
GFuzzHBFlow,TestFlagCompletionForPersistentFlagsCalledFromSubCmd,0.33844,0.44979,0.00008,0.00007,0.00000,0.00000,0.00001,0.00000,0.00000,0.00002,0.00000,0.00000,0.00000,0.00000,0.00000,0.00000,0.00000,0.00007,0
GoPie+,TestFlagCompletionForPersistentFlagsCalledFromSubCmd,0.35346,0.44948,0.00009,0.00000,0.00000,0.00000,0.00000,0.00000,0.00000,0.00000,0.00000,0.00000,0.00000,0.00000,0.00000,0.00000,0.00000,0.00000,0
GoPie,TestFlagCompletionForPersistentFlagsCalledFromSubCmd,0.32593,0.47168,0.00010,0.00000,0.00000,0.00000,0.00000,0.00000,0.00000,0.00000,0.00000,0.00000,0.00000,0.00000,0.00000,0.00000,0.00000,0.00000,0
GoPieHB,TestFlagCompletionForPersistentFlagsCalledFromSubCmd,0.31731,0.46538,0.00011,0.00009,0.00000,0.00000,0.00001,0.00000,0.00000,0.00002,0.00000,0.00000,0.00000,0.00000,0.00000,0.00000,0.00000,0.00010,0
