Mode,TestName,Run,Recording,Io,Analysis,AnaHb,AnaExitCode,AnaLeak,AnaClose,AnaConcurrent,AnaResource,AnaSelWithoutPartner,AnaUnlock,AnaWait,AnaMixed,FuzzingAna,FuzzingMut,Rewrite,Replay,NumberReplay
Flow,TestContextSetGetPanicsWhenKeyNotComparable,1.19498,1.27652,0.00017,0.00010,0.00000,0.00001,0.00001,0.00000,0.00000,0.00001,0.00000,0.00000,0.00000,0.00000,0.00000,0.00000,0.00004,0.00019,0
GFuzz,TestContextSetGetPanicsWhenKeyNotComparable,0.74493,1.78554,0.00007,0.00001,0.00000,0.00001,0.00000,0.00000,0.00000,0.00000,0.00000,0.00000,0.00000,0.00000,0.00000,0.00000,0.00000,0.00000,0
GFuzzHB,TestContextSetGetPanicsWhenKeyNotComparable,0.78199,1.07825,0.00025,0.00010,0.00000,0.00001,0.00001,0.00000,0.00000,0.00001,0.00000,0.00000,0.00000,0.00000,0.00000,0.00000,0.00007,0.00020,0
GFuzzHBFlow,TestContextSetGetPanicsWhenKeyNotComparable,1.22572,1.18525,0.00027,0.00012,0.00000,0.00001,0.00001,0.00000,0.00000,0.00001,0.00000,0.00000,0.00000,0.00000,0.00000,0.00000,0.00006,0.00020,0
GoPie+,TestContextSetGetPanicsWhenKeyNotComparable,0.96496,0.92966,0.00007,0.00001,0.00000,0.00001,0.00000,0.00000,0.00000,0.00000,0.00000,0.00000,0.00000,0.00000,0.00000,0.00000,0.00000,0.00000,0
GoPie,TestContextSetGetPanicsWhenKeyNotComparable,0.96850,0.95780,0.00010,0.00001,0.00000,0.00001,0.00000,0.00000,0.00000,0.00000,0.00000,0.00000,0.00000,0.00000,0.00000,0.00000,0.00000,0.00000,0
GoPieHB,TestContextSetGetPanicsWhenKeyNotComparable,0.91478,0.89479,0.00013,0.00007,0.00000,0.00001,0.00001,0.00000,0.00000,0.00001,0.00000,0.00000,0.00000,0.00000,0.00000,0.00000,0.00003,0.00012,0
