Mode,TestName,Run,Recording,Io,Analysis,AnaHb,AnaExitCode,AnaLeak,AnaClose,AnaConcurrent,AnaResource,AnaSelWithoutPartner,AnaUnlock,AnaWait,AnaMixed,FuzzingAna,FuzzingMut,Rewrite,Replay,NumberReplay
Flow,TestContextShouldBindBodyWithTOML,0.54765,0.63359,0.00012,0.00014,0.00001,0.00000,0.00002,0.00000,0.00000,0.00003,0.00000,0.00001,0.00000,0.00000,0.00000,0.00000,0.00000,0.00011,0
GFuzz,TestContextShouldBindBodyWithTOML,0.54849,1.26290,0.00021,0.00000,0.00000,0.00000,0.00000,0.00000,0.00000,0.00000,0.00000,0.00000,0.00000,0.00000,0.00000,0.00000,0.00000,0.00000,0
GFuzzHB,TestContextShouldBindBodyWithTOML,0.52757,0.63538,0.00046,0.00014,0.00001,0.00000,0.00003,0.00000,0.00000,0.00003,0.00000,0.00001,0.00000,0.00000,0.00000,0.00000,0.00000,0.00011,0
GFuzzHBFlow,TestContextShouldBindBodyWithTOML,0.54561,0.62772,0.00009,0.00012,0.00001,0.00000,0.00002,0.00000,0.00000,0.00003,0.00000,0.00000,0.00000,0.00000,0.00000,0.00000,0.00000,0.00013,0
GoPie+,TestContextShouldBindBodyWithTOML,0.58362,0.64043,0.00007,0.00000,0.00000,0.00000,0.00000,0.00000,0.00000,0.00000,0.00000,0.00000,0.00000,0.00000,0.00000,0.00000,0.00000,0.00000,0
GoPie,TestContextShouldBindBodyWithTOML,0.55025,0.72669,0.00012,0.00000,0.00000,0.00000,0.00000,0.00000,0.00000,0.00000,0.00000,0.00000,0.00000,0.00000,0.00000,0.00000,0.00000,0.00000,0
GoPieHB,TestContextShouldBindBodyWithTOML,0.54119,0.63082,0.00006,0.00010,0.00001,0.00000,0.00001,0.00000,0.00000,0.00002,0.00000,0.00000,0.00000,0.00000,0.00001,0.00000,0.00000,0.00006,0
