Mode,Unique_Bugs,Unique_Bug_Types,Total_Bugs,Total_Runs,Total_Time_s,Rec_s,Ana_s,Rep_s
GFuzz,1,L00,0,1,0120.58070,60.33577,0.00001,0.00000
GoPie,1,L00,0,1,0120.55074,60.35636,0.00001,0.00000
GoPie+,1,L00,0,1,0120.57117,60.32187,0.00001,0.00000
