TestName,Run,Recording,Io,Analysis,AnaHb,AnaExitCode,AnaLeak,AnaClose,AnaConcurrent,AnaResource,AnaSelWithoutPartner,AnaUnlock,AnaWait,AnaMixed,FuzzingAna,FuzzingMut,Rewrite,Replay,NumberReplay
TestMixed3,0.19581,0.37215,0.00016,0.00014,0.00002,0.00001,0.00001,0.00001,0.00000,0.00000,0.00000,0.00000,0.00006,0.00000,0.00000,0.00000,0.00006,0.00004,0
TestMixed3,0.19581,0.30133,0.00027,0.00101,0.00008,0.00002,0.00004,0.00006,0.00000,0.00000,0.00000,0.00000,0.00004,0.00000,0.00000,0.00000,0.00012,0.00007,0
TestMixed3,0.19581,0.30788,0.00025,0.00014,0.00003,0.00001,0.00001,0.00002,0.00000,0.00000,0.00000,0.00000,0.00004,0.00000,0.00000,0.00000,0.00008,0.00004,0
TestMixed3,0.19581,0.31598,0.00027,0.00012,0.00002,0.00001,0.00001,0.00001,0.00000,0.00000,0.00000,0.00000,0.00003,0.00000,0.00000,0.00000,0.00012,0.00006,0
TestMixed3,0.19581,70.29220,0.00016,0.00000,0.00000,0.00000,0.00000,0.00000,0.00000,0.00000,0.00000,0.00000,0.00000,0.00000,0.00000,0.00000,0.00000,0.00005,0
