Mode,TestName,Run,Recording,Io,Analysis,AnaHb,AnaExitCode,AnaLeak,AnaClose,AnaConcurrent,AnaResource,AnaSelWithoutPartner,AnaUnlock,AnaWait,AnaMixed,FuzzingAna,FuzzingMut,Rewrite,Replay,NumberReplay
Flow,TestMixed2,0.33388,0.47288,0.00028,0.00016,0.00000,0.00006,0.00002,0.00000,0.00000,0.00000,0.00000,0.00000,0.00000,0.00000,0.00000,0.00000,0.00009,0.00008,0
GFuzz,TestMixed2,0.38140,0.43911,0.00011,0.00001,0.00000,0.00001,0.00001,0.00000,0.00000,0.00000,0.00000,0.00000,0.00000,0.00000,0.00000,0.00000,0.00000,0.00000,0
GFuzzHB,TestMixed2,0.38367,0.47679,0.00018,0.00007,0.00000,0.00001,0.00001,0.00000,0.00000,0.00000,0.00000,0.00000,0.00000,0.00000,0.00000,0.00000,0.00008,0.00005,0
GFuzzHBFlow,TestMixed2,0.38515,0.48446,0.00018,0.00008,0.00000,0.00001,0.00001,0.00000,0.00000,0.00000,0.00000,0.00000,0.00000,0.00000,0.00000,0.00000,0.00008,0.00005,0
GoPie+,TestMixed2,0.36686,0.46648,0.00018,0.00002,0.00000,0.00001,0.00001,0.00000,0.00000,0.00000,0.00000,0.00000,0.00000,0.00000,0.00000,0.00000,0.00000,0.00000,0
GoPie,TestMixed2,0.37389,0.54401,0.00010,0.00002,0.00000,0.00001,0.00000,0.00000,0.00000,0.00000,0.00000,0.00000,0.00000,0.00000,0.00000,0.00000,0.00000,0.00000,0
GoPieHB,TestMixed2,0.45681,0.46412,0.00038,0.00015,0.00000,0.00001,0.00001,0.00000,0.00000,0.00000,0.00000,0.00000,0.00000,0.00000,0.00000,0.00000,0.00016,0.00010,0
