Mode,TestName,Run,Recording,Io,Analysis,AnaHb,AnaExitCode,AnaLeak,AnaClose,AnaConcurrent,AnaResource,AnaSelWithoutPartner,AnaUnlock,AnaWait,AnaMixed,FuzzingAna,FuzzingMut,Rewrite,Replay,NumberReplay
Flow,TestFlagCompletionWorksRootCommandAddedAfterFlags,0.33417,0.46924,0.00012,0.00010,0.00000,0.00000,0.00001,0.00000,0.00000,0.00002,0.00000,0.00000,0.00000,0.00000,0.00000,0.00000,0.00000,0.00010,0
GFuzz,TestFlagCompletionWorksRootCommandAddedAfterFlags,0.33037,1.20360,0.00013,0.00000,0.00000,0.00000,0.00000,0.00000,0.00000,0.00000,0.00000,0.00000,0.00000,0.00000,0.00000,0.00000,0.00000,0.00000,0
GFuzzHB,TestFlagCompletionWorksRootCommandAddedAfterFlags,0.33248,0.45309,0.00012,0.00009,0.00000,0.00000,0.00001,0.00000,0.00000,0.00002,0.00000,0.00000,0.00000,0.00000,0.00000,0.00000,0.00000,0.00010,0
GFuzzHBFlow,TestFlagCompletionWorksRootCommandAddedAfterFlags,0.36797,0.43912,0.00009,0.00008,0.00000,0.00000,0.00001,0.00000,0.00000,0.00002,0.00000,0.00000,0.00000,0.00000,0.00000,0.00000,0.00000,0.00008,0
GoPie+,TestFlagCompletionWorksRootCommandAddedAfterFlags,0.35850,0.44629,0.00007,0.00000,0.00000,0.00000,0.00000,0.00000,0.00000,0.00000,0.00000,0.00000,0.00000,0.00000,0.00000,0.00000,0.00000,0.00000,0
GoPie,TestFlagCompletionWorksRootCommandAddedAfterFlags,0.32165,0.46706,0.00012,0.00000,0.00000,0.00000,0.00000,0.00000,0.00000,0.00000,0.00000,0.00000,0.00000,0.00000,0.00000,0.00000,0.00000,0.00000,0
GoPieHB,TestFlagCompletionWorksRootCommandAddedAfterFlags,0.35823,0.48753,0.00012,0.00009,0.00000,0.00000,0.00001,0.00000,0.00000,0.00002,0.00000,0.00000,0.00000,0.00000,0.00000,0.00000,0.00000,0.00010,0
