Mode,TestName,Run,Recording,Io,Analysis,AnaHb,AnaExitCode,AnaLeak,AnaClose,AnaConcurrent,AnaResource,AnaSelWithoutPartner,AnaUnlock,AnaWait,AnaMixed,FuzzingAna,FuzzingMut,Rewrite,Replay,NumberReplay
Flow,TestCompleteCmdInBashScript,0.36229,0.43896,0.00007,0.00006,0.00000,0.00000,0.00001,0.00000,0.00000,0.00001,0.00000,0.00000,0.00000,0.00000,0.00000,0.00000,0.00000,0.00007,0
GFuzz,TestCompleteCmdInBashScript,0.32007,1.13165,0.00007,0.00000,0.00000,0.00000,0.00000,0.00000,0.00000,0.00000,0.00000,0.00000,0.00000,0.00000,0.00000,0.00000,0.00000,0.00000,0
GFuzzHB,TestCompleteCmdInBashScript,0.32750,0.46623,0.00012,0.00011,0.00000,0.00000,0.00001,0.00000,0.00000,0.00002,0.00000,0.00000,0.00000,0.00000,0.00000,0.00000,0.00000,0.00012,0
GFuzzHBFlow,TestCompleteCmdInBashScript,0.31828,0.47436,0.00008,0.00009,0.00000,0.00000,0.00001,0.00000,0.00000,0.00003,0.00000,0.00000,0.00000,0.00000,0.00000,0.00000,0.00000,0.00008,0
GoPie+,TestCompleteCmdInBashScript,0.31675,0.49421,0.00009,0.00000,0.00000,0.00000,0.00000,0.00000,0.00000,0.00000,0.00000,0.00000,0.00000,0.00000,0.00000,0.00000,0.00000,0.00000,0
GoPie,TestCompleteCmdInBashScript,0.35595,0.44039,0.00012,0.00000,0.00000,0.00000,0.00000,0.00000,0.00000,0.00000,0.00000,0.00000,0.00000,0.00000,0.00000,0.00000,0.00000,0.00000,0
GoPieHB,TestCompleteCmdInBashScript,0.34752,0.44619,0.00015,0.00008,0.00000,0.00000,0.00001,0.00000,0.00000,0.00002,0.00000,0.00000,0.00000,0.00000,0.00000,0.00000,0.00000,0.00009,0
