TestName,Run,Recording,Io,Analysis,AnaHb,AnaExitCode,AnaLeak,AnaClose,AnaConcurrent,AnaResource,AnaSelWithoutPartner,AnaUnlock,AnaWait,AnaMixed,FuzzingAna,FuzzingMut,Rewrite,Replay,NumberReplay
TestFlagCompletionConcurrentRegistration,0.23624,0.34113,0.00064,0.00979,0.00062,0.00000,0.00018,0.00000,0.00000,0.00033,0.00000,0.00002,0.00705,0.00000,0.00000,0.00000,0.00000,0.00008,0
TestFlagCompletionConcurrentRegistration,0.23624,0.40848,0.00062,0.01036,0.00060,0.00000,0.00017,0.00000,0.00000,0.00027,0.00000,0.00002,0.00816,0.00000,0.00000,0.00000,0.00000,0.00008,0
TestFlagCompletionConcurrentRegistration,0.23624,0.37481,0.00031,0.00004,0.00001,0.00000,0.00000,0.00000,0.00000,0.00000,0.00000,0.00000,0.00000,0.00000,0.00000,0.00000,0.00000,0.00000,0
TestFlagCompletionConcurrentRegistration,0.23624,70.41294,0.00045,0.00141,0.00012,0.00000,0.00005,0.00000,0.00000,0.00006,0.00000,0.00096,0.00000,0.00000,0.00000,0.00000,0.00007,0.00004,0
