TestName,Run,Recording,Io,Analysis,AnaHb,AnaExitCode,AnaLeak,AnaClose,AnaConcurrent,AnaResource,AnaSelWithoutPartner,AnaUnlock,AnaWait,AnaMixed,FuzzingAna,FuzzingMut,Rewrite,Replay,NumberReplay
TestManageIdentity,0.37164,0.46950,0.00013,0.00019,0.00006,0.00000,0.00002,0.00004,0.00000,0.00004,0.00000,0.00000,0.00000,0.00000,0.00000,0.00000,0.00002,0.00003,0
TestManageIdentity,0.37164,70.40864,0.00020,0.00005,0.00000,0.00000,0.00000,0.00000,0.00000,0.00000,0.00000,0.00000,0.00000,0.00000,0.00000,0.00000,0.00000,0.00009,0
