TestName,Run,Recording,Io,Analysis,AnaHb,AnaExitCode,AnaLeak,AnaClose,AnaConcurrent,AnaResource,AnaSelWithoutPartner,AnaUnlock,AnaWait,AnaMixed,FuzzingAna,FuzzingMut,Rewrite,Replay,NumberReplay
TestDebugPrintWARNINGNew,0.51916,0.61757,0.00008,0.00014,0.00003,0.00000,0.00000,0.00000,0.00001,0.00000,0.00000,0.00000,0.00005,0.00000,0.00001,0.00000,0.00000,0.00009,0
TestDebugPrintWARNINGNew,0.51916,0.63320,0.00012,0.00015,0.00003,0.00000,0.00000,0.00000,0.00001,0.00000,0.00000,0.00000,0.00006,0.00000,0.00001,0.00000,0.00000,0.00010,0
TestDebugPrintWARNINGNew,0.51916,71.20620,0.00000,0.00000,0.00000,0.00000,0.00000,0.00000,0.00000,0.00000,0.00000,0.00000,0.00000,0.00000,0.00000,0.00000,0.00000,0.00000,0
