TestName,Run,Recording,Io,Analysis,AnaHb,AnaExitCode,AnaLeak,AnaClose,AnaConcurrent,AnaResource,AnaSelWithoutPartner,AnaUnlock,AnaWait,AnaMixed,FuzzingAna,FuzzingMut,Rewrite,Replay,NumberReplay
TestReplaceRemoteAdminServer,0.34249,0.46460,0.00031,0.00036,0.00003,0.00000,0.00007,0.00000,0.00000,0.00009,0.00000,0.00001,0.00000,0.00000,0.00000,0.00000,0.00032,0.00009,0
TestReplaceRemoteAdminServer,0.34249,0.44998,0.00001,0.00000,0.00000,0.00000,0.00000,0.00000,0.00000,0.00000,0.00000,0.00000,0.00000,0.00000,0.00000,0.00000,0.00000,0.00000,0
TestReplaceRemoteAdminServer,0.34249,0.64349,0.00000,0.00000,0.00000,0.00000,0.00000,0.00000,0.00000,0.00000,0.00000,0.00000,0.00000,0.00000,0.00000,0.00000,0.00000,0.00000,0
TestReplaceRemoteAdminServer,0.34249,660.61146,0.00015,0.00006,0.00000,0.00000,0.00001,0.00000,0.00000,0.00001,0.00000,0.00000,0.00000,0.00000,0.00000,0.00000,0.00001,0.00006,0
