TestName,Run,Recording,Io,Analysis,AnaHb,AnaExitCode,AnaLeak,AnaClose,AnaConcurrent,AnaResource,AnaSelWithoutPartner,AnaUnlock,AnaWait,AnaMixed,FuzzingAna,FuzzingMut,Rewrite,Replay,NumberReplay
TestL01_UnbufferedLeakWithPartner,0.26118,0.37587,0.00010,0.00008,0.00002,0.00000,0.00000,0.00000,0.00001,0.00000,0.00000,0.00000,0.00000,0.00000,0.00001,0.00000,0.00000,0.00005,0
TestL01_UnbufferedLeakWithPartner,0.26118,0.35142,0.00011,0.00008,0.00002,0.00000,0.00000,0.00000,0.00001,0.00000,0.00000,0.00000,0.00000,0.00000,0.00001,0.00000,0.00000,0.00005,0
TestL01_UnbufferedLeakWithPartner,0.26118,0.36563,0.00014,0.00009,0.00003,0.00000,0.00000,0.00000,0.00001,0.00000,0.00000,0.00000,0.00000,0.00000,0.00001,0.00000,0.00000,0.00005,0
TestL01_UnbufferedLeakWithPartner,0.26118,0.36081,0.00017,0.00010,0.00003,0.00000,0.00000,0.00000,0.00001,0.00000,0.00000,0.00000,0.00000,0.00000,0.00001,0.00000,0.00000,0.00006,0
TestL01_UnbufferedLeakWithPartner,0.26118,0.39090,0.00041,0.00011,0.00005,0.00000,0.00000,0.00000,0.00001,0.00000,0.00000,0.00000,0.00000,0.00000,0.00001,0.00000,0.00000,0.00006,0
TestL01_UnbufferedLeakWithPartner,0.26118,0.34916,0.00061,0.00008,0.00003,0.00000,0.00000,0.00000,0.00001,0.00000,0.00000,0.00000,0.00000,0.00000,0.00001,0.00000,0.00000,0.00004,0
