TestName,Run,Recording,Io,Analysis,AnaHb,AnaExitCode,AnaLeak,AnaClose,AnaConcurrent,AnaResource,AnaSelWithoutPartner,AnaUnlock,AnaWait,AnaMixed,FuzzingAna,FuzzingMut,Rewrite,Replay,NumberReplay
TestP02_PossibleRecvOnClosed,0.16135,0.26070,0.00014,0.00014,0.00007,0.00000,0.00000,0.00003,0.00001,0.00000,0.00000,0.00000,0.00000,0.00000,0.00001,0.00000,0.00002,0.00005,0
TestP02_PossibleRecvOnClosed,0.16135,70.17489,0.00001,0.00000,0.00000,0.00000,0.00000,0.00000,0.00000,0.00000,0.00000,0.00000,0.00000,0.00000,0.00000,0.00000,0.00000,0.00000,0
