Mode,TestName,Run,Recording,Io,Analysis,AnaHb,AnaExitCode,AnaLeak,AnaClose,AnaConcurrent,AnaResource,AnaSelWithoutPartner,AnaUnlock,AnaWait,AnaMixed,FuzzingAna,FuzzingMut,Rewrite,Replay,NumberReplay
Flow,TestContextGetUint8,0.76130,0.88044,0.00011,0.00009,0.00000,0.00000,0.00001,0.00000,0.00000,0.00001,0.00000,0.00000,0.00000,0.00000,0.00000,0.00000,0.00000,0.00011,0
GFuzz,TestContextGetUint8,0.71074,1.78231,0.00009,0.00000,0.00000,0.00000,0.00000,0.00000,0.00000,0.00000,0.00000,0.00000,0.00000,0.00000,0.00000,0.00000,0.00000,0.00000,0
GFuzzHB,TestContextGetUint8,0.78220,0.86551,0.00014,0.00009,0.00000,0.00000,0.00001,0.00000,0.00000,0.00002,0.00000,0.00000,0.00000,0.00000,0.00000,0.00000,0.00000,0.00013,0
GFuzzHBFlow,TestContextGetUint8,0.79426,0.81546,0.00008,0.00007,0.00001,0.00000,0.00001,0.00000,0.00000,0.00001,0.00000,0.00000,0.00000,0.00000,0.00000,0.00000,0.00000,0.00009,0
GoPie+,TestContextGetUint8,0.78140,0.83297,0.00010,0.00000,0.00000,0.00000,0.00000,0.00000,0.00000,0.00000,0.00000,0.00000,0.00000,0.00000,0.00000,0.00000,0.00000,0.00000,0
GoPie,TestContextGetUint8,0.77071,0.89745,0.00012,0.00000,0.00000,0.00000,0.00000,0.00000,0.00000,0.00000,0.00000,0.00000,0.00000,0.00000,0.00000,0.00000,0.00000,0.00000,0
GoPieHB,TestContextGetUint8,0.79990,0.85467,0.00012,0.00010,0.00000,0.00000,0.00002,0.00000,0.00000,0.00002,0.00000,0.00000,0.00000,0.00000,0.00000,0.00000,0.00000,0.00012,0
