TestName,Run,Recording,Io,Analysis,AnaHb,AnaExitCode,AnaLeak,AnaClose,AnaConcurrent,AnaResource,AnaSelWithoutPartner,AnaUnlock,AnaWait,AnaMixed,FuzzingAna,FuzzingMut,Rewrite,Replay,NumberReplay
TestConcurrentHandleContext,0.57448,0.76716,0.00373,0.00919,0.00113,0.00000,0.00000,0.00000,0.00000,0.00000,0.00000,0.00000,0.00104,0.00000,0.00000,0.00000,0.00000,0.00008,0
TestConcurrentHandleContext,0.57448,660.78928,0.00003,0.00000,0.00000,0.00000,0.00000,0.00000,0.00000,0.00000,0.00000,0.00000,0.00000,0.00000,0.00000,0.00000,0.00000,0.00000,0
