Mode,Unique_Bugs,Unique_Bug_Types,Total_Bugs,Total_Runs,Total_Time_s,Rec_s,Ana_s,Rep_s
GFuzz,1,L00,0,1,0120.57030,60.33997,0.00001,0.00000
GoPie,1,L00,0,1,0120.54340,60.30100,0.00001,0.00000
GoPie+,1,L00,0,1,0120.52797,60.30270,0.00001,0.00000
