TestName,Run,Recording,Io,Analysis,AnaHb,AnaExitCode,AnaLeak,AnaClose,AnaConcurrent,AnaResource,AnaSelWithoutPartner,AnaUnlock,AnaWait,AnaMixed,FuzzingAna,FuzzingMut,Rewrite,Replay,NumberReplay
TestContextSetGetAnyKey,0.71432,0.78962,0.00025,0.00027,0.00003,0.00000,0.00003,0.00000,0.00000,0.00007,0.00000,0.00001,0.00000,0.00000,0.00000,0.00000,0.00000,0.00012,0
TestContextSetGetAnyKey,0.71432,70.83440,0.00001,0.00000,0.00000,0.00000,0.00000,0.00000,0.00000,0.00000,0.00000,0.00000,0.00000,0.00000,0.00000,0.00000,0.00000,0.00000,0
