TestName,Run,Recording,Io,Analysis,AnaHb,AnaExitCode,AnaLeak,AnaClose,AnaConcurrent,AnaResource,AnaSelWithoutPartner,AnaUnlock,AnaWait,AnaMixed,FuzzingAna,FuzzingMut,Rewrite,Replay,NumberReplay
TestBindWith,0.49791,0.63051,0.00009,0.00016,0.00003,0.00000,0.00001,0.00000,0.00000,0.00001,0.00000,0.00000,0.00005,0.00000,0.00000,0.00000,0.00000,0.00008,0
TestBindWith,0.49791,660.56882,0.00001,0.00000,0.00000,0.00000,0.00000,0.00000,0.00000,0.00000,0.00000,0.00000,0.00000,0.00000,0.00000,0.00000,0.00000,0.00000,0
