TestName,Run,Recording,Io,Analysis,AnaHb,AnaExitCode,AnaLeak,AnaClose,AnaConcurrent,AnaResource,AnaSelWithoutPartner,AnaUnlock,AnaWait,AnaMixed,FuzzingAna,FuzzingMut,Rewrite,Replay,NumberReplay
TestSelectMultiple,0.19319,0.30868,0.00015,0.00006,0.00000,0.00000,0.00000,0.00000,0.00000,0.00000,0.00001,0.00000,0.00000,0.00000,0.00000,0.00000,0.00000,0.00004,0
TestSelectMultiple,0.19319,0.30865,0.00050,0.00013,0.00005,0.00000,0.00000,0.00000,0.00001,0.00001,0.00001,0.00000,0.00000,0.00000,0.00001,0.00000,0.00037,0.81524,1
TestSelectMultiple,0.19319,0.28416,0.00017,0.00007,0.00000,0.00000,0.00000,0.00000,0.00000,0.00000,0.00001,0.00000,0.00000,0.00000,0.00000,0.00000,0.00000,0.00004,0
TestSelectMultiple,0.19319,0.27951,0.00017,0.00006,0.00000,0.00000,0.00000,0.00000,0.00000,0.00000,0.00001,0.00000,0.00000,0.00000,0.00000,0.00000,0.00000,0.00004,0
TestSelectMultiple,0.19319,0.32727,0.00047,0.00011,0.00001,0.00000,0.00000,0.00000,0.00001,0.00000,0.00002,0.00000,0.00000,0.00000,0.00001,0.00000,0.00032,0.85185,1
