Mode,TestName,Run,Recording,Io,Analysis,AnaHb,AnaExitCode,AnaLeak,AnaClose,AnaConcurrent,AnaResource,AnaSelWithoutPartner,AnaUnlock,AnaWait,AnaMixed,FuzzingAna,FuzzingMut,Rewrite,Replay,NumberReplay
Flow,TestFlagCompletionInGo,0.37899,0.46647,0.00007,0.00010,0.00000,0.00000,0.00001,0.00000,0.00000,0.00002,0.00000,0.00000,0.00000,0.00000,0.00000,0.00000,0.00000,0.00007,0
GFuzz,TestFlagCompletionInGo,0.36080,1.12882,0.00011,0.00000,0.00000,0.00000,0.00000,0.00000,0.00000,0.00000,0.00000,0.00000,0.00000,0.00000,0.00000,0.00000,0.00000,0.00000,0
GFuzzHB,TestFlagCompletionInGo,0.30597,0.49723,0.00013,0.00015,0.00001,0.00000,0.00002,0.00000,0.00000,0.00004,0.00000,0.00001,0.00000,0.00000,0.00000,0.00000,0.00000,0.00017,0
GFuzzHBFlow,TestFlagCompletionInGo,0.32254,0.47212,0.00012,0.00015,0.00001,0.00000,0.00002,0.00000,0.00000,0.00004,0.00000,0.00001,0.00000,0.00000,0.00000,0.00000,0.00000,0.00011,0
GoPie+,TestFlagCompletionInGo,0.35117,0.46590,0.00009,0.00000,0.00000,0.00000,0.00000,0.00000,0.00000,0.00000,0.00000,0.00000,0.00000,0.00000,0.00000,0.00000,0.00000,0.00000,0
GoPie,TestFlagCompletionInGo,0.34010,0.49167,0.00013,0.00000,0.00000,0.00000,0.00000,0.00000,0.00000,0.00000,0.00000,0.00000,0.00000,0.00000,0.00000,0.00000,0.00000,0.00000,0
GoPieHB,TestFlagCompletionInGo,0.34738,0.42996,0.00061,0.00011,0.00001,0.00000,0.00002,0.00000,0.00000,0.00003,0.00000,0.00001,0.00000,0.00000,0.00000,0.00000,0.00000,0.00009,0
