TestName,Run,Recording,Io,Analysis,AnaHb,AnaExitCode,AnaLeak,AnaClose,AnaConcurrent,AnaResource,AnaSelWithoutPartner,AnaUnlock,AnaWait,AnaMixed,FuzzingAna,FuzzingMut,Rewrite,Replay,NumberReplay
TestDebugPrintError,0.52049,0.63908,0.00010,0.00015,0.00003,0.00000,0.00000,0.00000,0.00001,0.00000,0.00000,0.00000,0.00006,0.00000,0.00001,0.00000,0.00000,0.00009,0
TestDebugPrintError,0.52049,1.61698,0.00006,0.00006,0.00001,0.00000,0.00000,0.00000,0.00000,0.00000,0.00000,0.00000,0.00001,0.00000,0.00000,0.00000,0.00000,0.00005,0
TestDebugPrintError,0.52049,0.59142,0.00011,0.00011,0.00002,0.00000,0.00000,0.00000,0.00001,0.00000,0.00000,0.00000,0.00002,0.00000,0.00001,0.00000,0.00000,0.00008,0
TestDebugPrintError,0.52049,1.27686,0.00012,0.00016,0.00004,0.00000,0.00000,0.00000,0.00001,0.00000,0.00000,0.00000,0.00005,0.00000,0.00001,0.00000,0.00000,0.00010,0
TestDebugPrintError,0.52049,71.15743,0.00000,0.00000,0.00000,0.00000,0.00000,0.00000,0.00000,0.00000,0.00000,0.00000,0.00000,0.00000,0.00000,0.00000,0.00000,0.00000,0
