Mode,TestName,Run,Recording,Io,Analysis,AnaHb,AnaExitCode,AnaLeak,AnaClose,AnaConcurrent,AnaResource,AnaSelWithoutPartner,AnaUnlock,AnaWait,AnaMixed,FuzzingAna,FuzzingMut,Rewrite,Replay,NumberReplay
Flow,TestL09_LeakOnWaitGroup,60.20617,60.31405,0.00007,0.00006,0.00000,0.00000,0.00001,0.00000,0.00000,0.00000,0.00000,0.00000,0.00003,0.00000,0.00000,0.00000,0.00002,0.00002,0
GFuzz,TestL09_LeakOnWaitGroup,60.21538,60.30093,0.00005,0.00001,0.00000,0.00000,0.00001,0.00000,0.00000,0.00000,0.00000,0.00000,0.00000,0.00000,0.00000,0.00000,0.00000,0.00000,0
GFuzzHB,TestL09_LeakOnWaitGroup,60.21843,60.31344,0.00007,0.00009,0.00000,0.00000,0.00001,0.00000,0.00000,0.00000,0.00000,0.00000,0.00005,0.00000,0.00000,0.00000,0.00001,0.00003,0
GFuzzHBFlow,TestL09_LeakOnWaitGroup,60.19212,60.30733,0.00005,0.00006,0.00000,0.00000,0.00001,0.00000,0.00000,0.00000,0.00000,0.00000,0.00003,0.00000,0.00000,0.00000,0.00001,0.00002,0
GoPie+,TestL09_LeakOnWaitGroup,60.23023,60.31042,0.00010,0.00001,0.00000,0.00000,0.00001,0.00000,0.00000,0.00000,0.00000,0.00000,0.00000,0.00000,0.00000,0.00000,0.00000,0.00000,0
GoPie,TestL09_LeakOnWaitGroup,60.19738,60.30735,0.00009,0.00001,0.00000,0.00000,0.00001,0.00000,0.00000,0.00000,0.00000,0.00000,0.00000,0.00000,0.00000,0.00000,0.00000,0.00000,0
GoPieHB,TestL09_LeakOnWaitGroup,60.20887,60.30869,0.00009,0.00010,0.00000,0.00000,0.00001,0.00000,0.00000,0.00000,0.00000,0.00000,0.00005,0.00000,0.00000,0.00000,0.00002,0.00004,0
