TestName,Run,Recording,Io,Analysis,AnaHb,AnaExitCode,AnaLeak,AnaClose,AnaConcurrent,AnaResource,AnaSelWithoutPartner,AnaUnlock,AnaWait,AnaMixed,FuzzingAna,FuzzingMut,Rewrite,Replay,NumberReplay
TestL08_LeakOnMutex,0.16190,0.26930,0.00010,0.00022,0.00001,0.00000,0.00001,0.00000,0.00000,0.00002,0.00000,0.00009,0.00000,0.00000,0.00000,0.00000,0.00000,0.00006,0
TestL08_LeakOnMutex,0.16190,0.29850,0.00010,0.00010,0.00000,0.00000,0.00001,0.00000,0.00000,0.00001,0.00000,0.00002,0.00000,0.00000,0.00000,0.00000,0.00000,0.00004,0
TestL08_LeakOnMutex,0.16190,600.20484,0.00002,0.00000,0.00000,0.00000,0.00000,0.00000,0.00000,0.00000,0.00000,0.00000,0.00000,0.00000,0.00000,0.00000,0.00000,0.00004,0
