TestName,Run,Recording,Io,Analysis,AnaHb,AnaExitCode,AnaLeak,AnaClose,AnaConcurrent,AnaResource,AnaSelWithoutPartner,AnaUnlock,AnaWait,AnaMixed,FuzzingAna,FuzzingMut,Rewrite,Replay,NumberReplay
TestContextCopyShouldNotCancel,0.50153,0.64441,0.00072,0.00028,0.00003,0.00000,0.00001,0.00002,0.00000,0.00002,0.00000,0.00000,0.00007,0.00000,0.00000,0.00000,0.00002,0.00013,0
TestContextCopyShouldNotCancel,0.50153,70.59391,0.00001,0.00000,0.00000,0.00000,0.00000,0.00000,0.00000,0.00000,0.00000,0.00000,0.00000,0.00000,0.00000,0.00000,0.00000,0.00000,0
