TestName,Run,Recording,Io,Analysis,AnaHb,AnaExitCode,AnaLeak,AnaClose,AnaConcurrent,AnaResource,AnaSelWithoutPartner,AnaUnlock,AnaWait,AnaMixed,FuzzingAna,FuzzingMut,Rewrite,Replay,NumberReplay
TestA03_Mixed,0.23317,0.35856,0.00021,0.00010,0.00003,0.00001,0.00001,0.00002,0.00000,0.00000,0.00000,0.00000,0.00000,0.00000,0.00000,0.00000,0.00009,0.00007,0
TestA03_Mixed,0.23317,0.54528,0.00020,0.00010,0.00003,0.00001,0.00001,0.00002,0.00000,0.00000,0.00000,0.00000,0.00000,0.00000,0.00000,0.00000,0.00005,0.00005,0
TestA03_Mixed,0.23317,0.42018,0.00047,0.00018,0.00005,0.00002,0.00000,0.00004,0.00000,0.00000,0.00000,0.00000,0.00000,0.00000,0.00000,0.00000,0.00009,0.00012,0
TestA03_Mixed,0.23317,0.46063,0.00030,0.00010,0.00002,0.00001,0.00001,0.00002,0.00000,0.00000,0.00000,0.00000,0.00000,0.00000,0.00000,0.00000,0.00005,0.00005,0
TestA03_Mixed,0.23317,0.45939,0.00032,0.00015,0.00004,0.00001,0.00000,0.00003,0.00000,0.00000,0.00000,0.00000,0.00000,0.00000,0.00000,0.00000,0.00006,0.00009,0
TestA03_Mixed,0.23317,0.54930,0.00032,0.00025,0.00004,0.00001,0.00001,0.00003,0.00000,0.00000,0.00000,0.00000,0.00000,0.00000,0.00000,0.00000,0.00009,0.00009,0
