TestName,Run,Recording,Io,Analysis,AnaHb,AnaExitCode,AnaLeak,AnaClose,AnaConcurrent,AnaResource,AnaSelWithoutPartner,AnaUnlock,AnaWait,AnaMixed,FuzzingAna,FuzzingMut,Rewrite,Replay,NumberReplay
TestP01_PossibleSendOnClosed,0.14889,0.28002,0.00012,0.00007,0.00002,0.00001,0.00000,0.00002,0.00000,0.00000,0.00000,0.00000,0.00000,0.00000,0.00000,0.00000,0.00004,0.00004,0
TestP01_PossibleSendOnClosed,0.14889,0.31318,0.00010,0.00006,0.00001,0.00001,0.00000,0.00001,0.00000,0.00000,0.00000,0.00000,0.00000,0.00000,0.00000,0.00000,0.00002,0.00003,0
TestP01_PossibleSendOnClosed,0.14889,0.28026,0.00012,0.00007,0.00001,0.00001,0.00000,0.00001,0.00000,0.00000,0.00000,0.00000,0.00000,0.00000,0.00000,0.00000,0.00003,0.00004,0
TestP01_PossibleSendOnClosed,0.14889,0.28240,0.00012,0.00007,0.00001,0.00001,0.00000,0.00001,0.00000,0.00000,0.00000,0.00000,0.00000,0.00000,0.00000,0.00000,0.00003,0.00004,0
TestP01_PossibleSendOnClosed,0.14889,0.28780,0.00014,0.00007,0.00001,0.00001,0.00000,0.00001,0.00000,0.00000,0.00000,0.00000,0.00000,0.00000,0.00000,0.00000,0.00003,0.00005,0
