Mode,TestName,Run,Recording,Io,Analysis,AnaHb,AnaExitCode,AnaLeak,AnaClose,AnaConcurrent,AnaResource,AnaSelWithoutPartner,AnaUnlock,AnaWait,AnaMixed,FuzzingAna,FuzzingMut,Rewrite,Replay,NumberReplay
Flow,TestContextStreamWithClientGone,0.48778,0.63722,0.00010,0.00013,0.00006,0.00000,0.00000,0.00000,0.00001,0.00000,0.00001,0.00000,0.00000,0.00000,0.00001,0.00000,0.00000,0.00009,0
GFuzz,TestContextStreamWithClientGone,0.56628,1.28487,0.00008,0.00000,0.00000,0.00000,0.00000,0.00000,0.00000,0.00000,0.00000,0.00000,0.00000,0.00000,0.00000,0.00000,0.00000,0.00000,0
GFuzz,TestContextStreamWithClientGone,0.56628,661.18215,0.00010,0.00000,0.00000,0.00000,0.00000,0.00000,0.00000,0.00000,0.00000,0.00000,0.00000,0.00000,0.00000,0.00000,0.00000,0.00000,0
GFuzzHB,TestContextStreamWithClientGone,0.49208,0.62687,0.00011,0.00014,0.00007,0.00000,0.00000,0.00000,0.00001,0.00000,0.00001,0.00000,0.00000,0.00000,0.00001,0.00000,0.00000,0.00011,0
GFuzzHB,TestContextStreamWithClientGone,0.49208,660.53857,0.00010,0.00000,0.00000,0.00000,0.00000,0.00000,0.00000,0.00000,0.00000,0.00000,0.00000,0.00000,0.00000,0.00000,0.00000,0.00000,0
GFuzzHBFlow,TestContextStreamWithClientGone,0.54818,0.72410,0.00008,0.00011,0.00006,0.00000,0.00000,0.00000,0.00000,0.00000,0.00001,0.00000,0.00000,0.00000,0.00000,0.00000,0.00000,0.00008,0
GFuzzHBFlow,TestContextStreamWithClientGone,0.54818,660.51424,0.00008,0.00000,0.00000,0.00000,0.00000,0.00000,0.00000,0.00000,0.00000,0.00000,0.00000,0.00000,0.00000,0.00000,0.00000,0.00000,0
GoPie+,TestContextStreamWithClientGone,0.55055,0.64838,0.00009,0.00000,0.00000,0.00000,0.00000,0.00000,0.00000,0.00000,0.00000,0.00000,0.00000,0.00000,0.00000,0.00000,0.00000,0.00000,0
GoPie,TestContextStreamWithClientGone,0.50020,0.59475,0.00008,0.00000,0.00000,0.00000,0.00000,0.00000,0.00000,0.00000,0.00000,0.00000,0.00000,0.00000,0.00000,0.00000,0.00000,0.00000,0
GoPieHB,TestContextStreamWithClientGone,0.58454,0.65750,0.00010,0.00011,0.00006,0.00000,0.00000,0.00000,0.00000,0.00000,0.00001,0.00000,0.00000,0.00000,0.00000,0.00000,0.00000,0.00008,0
