TestName,Run,Recording,Io,Analysis,AnaHb,AnaExitCode,AnaLeak,AnaClose,AnaConcurrent,AnaResource,AnaSelWithoutPartner,AnaUnlock,AnaWait,AnaMixed,FuzzingAna,FuzzingMut,Rewrite,Replay,NumberReplay
TestWGNested,0.13827,0.24562,0.00012,0.00015,0.00001,0.00000,0.00000,0.00000,0.00000,0.00000,0.00000,0.00000,0.00005,0.00000,0.00000,0.00000,0.00000,0.00004,0
TestWGNested,0.13827,1.24737,0.00013,0.00078,0.00001,0.00000,0.00003,0.00000,0.00000,0.00000,0.00000,0.00000,0.00005,0.00000,0.00000,0.00000,0.00000,0.00006,0
TestWGNested,0.13827,3.28102,0.00040,0.00013,0.00001,0.00000,0.00000,0.00000,0.00000,0.00000,0.00000,0.00000,0.00003,0.00000,0.00000,0.00000,0.00000,0.00004,0
TestWGNested,0.13827,0.29610,0.00015,0.00010,0.00001,0.00000,0.00000,0.00000,0.00000,0.00000,0.00000,0.00000,0.00003,0.00000,0.00000,0.00000,0.00000,0.00005,0
TestWGNested,0.13827,0.26102,0.00014,0.00009,0.00001,0.00000,0.00000,0.00000,0.00000,0.00000,0.00000,0.00000,0.00003,0.00000,0.00000,0.00000,0.00000,0.00004,0
TestWGNested,0.13827,0.27590,0.00015,0.00010,0.00001,0.00000,0.00000,0.00000,0.00000,0.00000,0.00000,0.00000,0.00003,0.00000,0.00000,0.00000,0.00000,0.00004,0
TestWGNested,0.13827,0.26651,0.00019,0.00009,0.00001,0.00000,0.00000,0.00000,0.00000,0.00000,0.00000,0.00000,0.00003,0.00000,0.00000,0.00000,0.00000,0.00006,0
TestWGNested,0.13827,0.27518,0.00015,0.00016,0.00002,0.00000,0.00000,0.00000,0.00000,0.00000,0.00000,0.00000,0.00003,0.00000,0.00000,0.00000,0.00000,0.00003,0
TestWGNested,0.13827,70.20251,0.00001,0.00000,0.00000,0.00000,0.00000,0.00000,0.00000,0.00000,0.00000,0.00000,0.00000,0.00000,0.00000,0.00000,0.00000,0.00000,0
