Mode,TestName,Run,Recording,Io,Analysis,AnaHb,AnaExitCode,AnaLeak,AnaClose,AnaConcurrent,AnaResource,AnaSelWithoutPartner,AnaUnlock,AnaWait,AnaMixed,FuzzingAna,FuzzingMut,Rewrite,Replay,NumberReplay
Flow,TestWGMissingDone,60.16010,60.28810,0.00010,0.00009,0.00000,0.00000,0.00001,0.00000,0.00000,0.00000,0.00000,0.00000,0.00004,0.00000,0.00000,0.00000,0.00002,0.00003,0
GFuzz,TestWGMissingDone,60.37553,60.35867,0.00009,0.00001,0.00000,0.00000,0.00001,0.00000,0.00000,0.00000,0.00000,0.00000,0.00000,0.00000,0.00000,0.00000,0.00000,0.00000,0
GFuzzHB,TestWGMissingDone,60.21704,60.33189,0.00011,0.00009,0.00000,0.00000,0.00001,0.00000,0.00000,0.00000,0.00000,0.00000,0.00004,0.00000,0.00000,0.00000,0.00002,0.00004,0
GFuzzHBFlow,TestWGMissingDone,60.20718,60.31522,0.00007,0.00010,0.00001,0.00000,0.00001,0.00000,0.00000,0.00000,0.00000,0.00000,0.00005,0.00000,0.00000,0.00000,0.00002,0.00003,0
GoPie+,TestWGMissingDone,60.20760,60.31253,0.00009,0.00001,0.00000,0.00000,0.00001,0.00000,0.00000,0.00000,0.00000,0.00000,0.00000,0.00000,0.00000,0.00000,0.00000,0.00000,0
GoPie,TestWGMissingDone,60.20686,60.36063,0.00009,0.00001,0.00000,0.00000,0.00001,0.00000,0.00000,0.00000,0.00000,0.00000,0.00000,0.00000,0.00000,0.00000,0.00000,0.00000,0
GoPieHB,TestWGMissingDone,60.20632,60.32813,0.00012,0.00007,0.00000,0.00000,0.00001,0.00000,0.00000,0.00000,0.00000,0.00000,0.00001,0.00000,0.00000,0.00000,0.00003,0.00006,0
