TestName,Run,Recording,Io,Analysis,AnaHb,AnaExitCode,AnaLeak,AnaClose,AnaConcurrent,AnaResource,AnaSelWithoutPartner,AnaUnlock,AnaWait,AnaMixed,FuzzingAna,FuzzingMut,Rewrite,Replay,NumberReplay
TestContextStreamWithClientGone,0.49208,0.62687,0.00011,0.00014,0.00007,0.00000,0.00000,0.00000,0.00001,0.00000,0.00001,0.00000,0.00000,0.00000,0.00001,0.00000,0.00000,0.00011,0
TestContextStreamWithClientGone,0.49208,660.53857,0.00010,0.00000,0.00000,0.00000,0.00000,0.00000,0.00000,0.00000,0.00000,0.00000,0.00000,0.00000,0.00000,0.00000,0.00000,0.00000,0
