Mode,TestName,Run,Recording,Io,Analysis,AnaHb,AnaExitCode,AnaLeak,AnaClose,AnaConcurrent,AnaResource,AnaSelWithoutPartner,AnaUnlock,AnaWait,AnaMixed,FuzzingAna,FuzzingMut,Rewrite,Replay,NumberReplay
Flow,TestContextShouldBindBodyWithYAML,0.54723,0.62415,0.00007,0.00012,0.00002,0.00000,0.00001,0.00000,0.00000,0.00003,0.00000,0.00001,0.00000,0.00000,0.00000,0.00000,0.00000,0.00006,0
GFuzz,TestContextShouldBindBodyWithYAML,0.55916,1.26833,0.00009,0.00000,0.00000,0.00000,0.00000,0.00000,0.00000,0.00000,0.00000,0.00000,0.00000,0.00000,0.00000,0.00000,0.00000,0.00000,0
GFuzzHB,TestContextShouldBindBodyWithYAML,0.54857,0.62258,0.00009,0.00016,0.00001,0.00000,0.00002,0.00000,0.00000,0.00004,0.00000,0.00001,0.00000,0.00000,0.00000,0.00000,0.00000,0.00009,0
GFuzzHBFlow,TestContextShouldBindBodyWithYAML,0.54950,0.63867,0.00010,0.00016,0.00001,0.00000,0.00002,0.00000,0.00000,0.00004,0.00000,0.00001,0.00000,0.00000,0.00000,0.00000,0.00000,0.00009,0
GoPie+,TestContextShouldBindBodyWithYAML,0.53918,0.65440,0.00014,0.00000,0.00000,0.00000,0.00000,0.00000,0.00000,0.00000,0.00000,0.00000,0.00000,0.00000,0.00000,0.00000,0.00000,0.00000,0
GoPie,TestContextShouldBindBodyWithYAML,0.53785,0.62705,0.00011,0.00000,0.00000,0.00000,0.00000,0.00000,0.00000,0.00000,0.00000,0.00000,0.00000,0.00000,0.00000,0.00000,0.00000,0.00000,0
GoPieHB,TestContextShouldBindBodyWithYAML,0.55906,0.64837,0.00008,0.00013,0.00001,0.00000,0.00001,0.00000,0.00000,0.00003,0.00000,0.00001,0.00000,0.00000,0.00000,0.00000,0.00000,0.00007,0
