TestName,Run,Recording,Io,Analysis,AnaHb,AnaExitCode,AnaLeak,AnaClose,AnaConcurrent,AnaResource,AnaSelWithoutPartner,AnaUnlock,AnaWait,AnaMixed,FuzzingAna,FuzzingMut,Rewrite,Replay,NumberReplay
TestH2c,0.60794,0.89358,0.00194,0.00252,0.00039,0.00000,0.00009,0.00004,0.00003,0.00008,0.00109,0.00016,0.00000,0.00000,0.00003,0.00000,0.00297,0.79115,1
TestH2c,0.60794,2.70304,0.00042,0.00024,0.00009,0.00000,0.00001,0.00000,0.00000,0.00002,0.00000,0.00000,0.00000,0.00000,0.00000,0.00000,0.00000,0.00000,0
TestH2c,0.60794,2.72582,0.00037,0.00007,0.00002,0.00000,0.00000,0.00000,0.00000,0.00000,0.00000,0.00000,0.00000,0.00000,0.00000,0.00000,0.00000,0.00000,0
TestH2c,0.60794,0.75465,0.00052,0.00046,0.00013,0.00000,0.00006,0.00000,0.00000,0.00009,0.00001,0.00001,0.00000,0.00000,0.00000,0.00000,0.00000,0.00000,0
TestH2c,0.60794,2.64271,0.00033,0.00022,0.00005,0.00000,0.00001,0.00000,0.00000,0.00001,0.00001,0.00000,0.00000,0.00000,0.00000,0.00000,0.00000,0.00000,0
TestH2c,0.60794,0.69801,0.00054,0.00073,0.00009,0.00000,0.00002,0.00000,0.00000,0.00010,0.00014,0.00000,0.00000,0.00000,0.00000,0.00000,0.00000,0.00000,0
TestH2c,0.60794,2.61678,0.00034,0.00022,0.00003,0.00000,0.00002,0.00000,0.00000,0.00000,0.00004,0.00000,0.00000,0.00000,0.00000,0.00000,0.00020,0.00008,0
TestH2c,0.60794,0.67303,0.00180,0.00207,0.00037,0.00000,0.00008,0.00004,0.00002,0.00008,0.00081,0.00001,0.00000,0.00000,0.00003,0.00000,0.00240,60.61017,1
