Mode,Unique_Bugs,Bug_Types,Total_Bugs,Panics,Leaks,Confirmed_Replays,Total_Runs,Total_Time_s,Rec_s,Ana_s,Rep_s,Bugs_per_1000_Runs,Bugs_per_Minute,Runs_per_Minute,Replays_Written,Replays_Successful
Flow,0,,0,0,0,0,1,0.44333,0.28796,0.00012,0.00004,0.0,0.0,135.34,0,0
GFuzz,0,,0,0,0,0,1,0.43094,0.28146,0.00000,0.00000,0.0,0.0,139.23,0,0
GFuzzHB,0,,0,0,0,0,1,0.40376,0.25699,0.00014,0.00005,0.0,0.0,148.6,0,0
GFuzzHBFlow,0,,0,0,0,0,1,0.44886,0.28127,0.00013,0.00006,0.0,0.0,133.67,0,0
GoPie,0,,0,0,0,0,2,604.03013,0.28108,0.00000,0.00000,0.0,0.0,0.2,0,0
GoPie+,0,,0,0,0,0,10,615.18167,0.23607,0.00000,0.00000,0.0,0.0,0.98,0,0
GoPieHB,0,,0,0,0,0,12,3.14871,0.23783,0.00012,0.00004,0.0,0.0,228.67,0,0
