TestName,Run,Recording,Io,Analysis,AnaHb,AnaExitCode,AnaLeak,AnaClose,AnaConcurrent,AnaResource,AnaSelWithoutPartner,AnaUnlock,AnaWait,AnaMixed,FuzzingAna,FuzzingMut,Rewrite,Replay,NumberReplay
TestL06_LeakOnSelectWithPartner,0.19996,0.30438,0.00012,0.00007,0.00001,0.00000,0.00000,0.00000,0.00000,0.00000,0.00001,0.00000,0.00000,0.00000,0.00000,0.00000,0.00000,0.00005,0
TestL06_LeakOnSelectWithPartner,0.19996,0.34736,0.00067,0.00013,0.00005,0.00000,0.00000,0.00000,0.00000,0.00000,0.00001,0.00000,0.00000,0.00000,0.00000,0.00000,0.00050,0.79005,1
TestL06_LeakOnSelectWithPartner,0.19996,0.33169,0.00048,0.00011,0.00002,0.00000,0.00000,0.00000,0.00001,0.00000,0.00001,0.00000,0.00000,0.00000,0.00001,0.00000,0.00030,0.77414,1
