Mode,TestName,Run,Recording,Io,Analysis,AnaHb,AnaExitCode,AnaLeak,AnaClose,AnaConcurrent,AnaResource,AnaSelWithoutPartner,AnaUnlock,AnaWait,AnaMixed,FuzzingAna,FuzzingMut,Rewrite,Replay,NumberReplay
Flow,TestBashCompletions,0.38741,0.49651,0.00013,0.00015,0.00001,0.00000,0.00002,0.00000,0.00000,0.00003,0.00000,0.00001,0.00000,0.00000,0.00000,0.00000,0.00000,0.00013,0
GFuzz,TestBashCompletions,0.36958,1.30746,0.00010,0.00000,0.00000,0.00000,0.00000,0.00000,0.00000,0.00000,0.00000,0.00000,0.00000,0.00000,0.00000,0.00000,0.00000,0.00000,0
GFuzzHB,TestBashCompletions,0.39365,0.51175,0.00018,0.00018,0.00001,0.00000,0.00004,0.00000,0.00000,0.00005,0.00000,0.00001,0.00000,0.00000,0.00000,0.00000,0.00000,0.00014,0
GFuzzHBFlow,TestBashCompletions,0.42537,0.49540,0.00007,0.00054,0.00000,0.00000,0.00007,0.00000,0.00000,0.00010,0.00000,0.00001,0.00000,0.00000,0.00000,0.00000,0.00000,0.00010,0
GoPie+,TestBashCompletions,0.34779,0.48810,0.00013,0.00000,0.00000,0.00000,0.00000,0.00000,0.00000,0.00000,0.00000,0.00000,0.00000,0.00000,0.00000,0.00000,0.00000,0.00000,0
GoPie,TestBashCompletions,0.40535,0.48607,0.00009,0.00000,0.00000,0.00000,0.00000,0.00000,0.00000,0.00000,0.00000,0.00000,0.00000,0.00000,0.00000,0.00000,0.00000,0.00000,0
GoPieHB,TestBashCompletions,0.33923,0.44396,0.00017,0.00010,0.00000,0.00000,0.00001,0.00000,0.00000,0.00003,0.00000,0.00000,0.00000,0.00000,0.00000,0.00000,0.00000,0.00009,0
