Mode,TestName,Run,Recording,Io,Analysis,AnaHb,AnaExitCode,AnaLeak,AnaClose,AnaConcurrent,AnaResource,AnaSelWithoutPartner,AnaUnlock,AnaWait,AnaMixed,FuzzingAna,FuzzingMut,Rewrite,Replay,NumberReplay
Flow,TestConcurrentHandleContext,0.79781,0.87126,0.00447,0.01195,0.00144,0.00000,0.00001,0.00000,0.00000,0.00000,0.00000,0.00000,0.00163,0.00000,0.00000,0.00000,0.00000,0.00009,0
GFuzz,TestConcurrentHandleContext,0.72619,1.68439,0.00347,0.00001,0.00000,0.00000,0.00001,0.00000,0.00000,0.00000,0.00000,0.00000,0.00000,0.00000,0.00000,0.00000,0.00000,0.00000,0
GFuzzHB,TestConcurrentHandleContext,0.74988,0.84516,0.00328,0.00993,0.00129,0.00000,0.00001,0.00000,0.00000,0.00000,0.00000,0.00000,0.00129,0.00000,0.00000,0.00000,0.00000,0.00009,0
GFuzzHBFlow,TestConcurrentHandleContext,0.86543,0.84139,0.00001,0.00000,0.00000,0.00000,0.00000,0.00000,0.00000,0.00000,0.00000,0.00000,0.00000,0.00000,0.00000,0.00000,0.00000,0.00000,0
GoPie+,TestConcurrentHandleContext,0.89953,1.10107,0.00322,0.00001,0.00000,0.00000,0.00001,0.00000,0.00000,0.00000,0.00000,0.00000,0.00000,0.00000,0.00000,0.00000,0.00000,0.00000,0
GoPie+,TestConcurrentHandleContext,0.89953,661.64417,0.00001,0.00000,0.00000,0.00000,0.00000,0.00000,0.00000,0.00000,0.00000,0.00000,0.00000,0.00000,0.00000,0.00000,0.00000,0.00000,0
GoPie,TestConcurrentHandleContext,0.81794,0.89165,0.00448,0.00001,0.00000,0.00000,0.00001,0.00000,0.00000,0.00000,0.00000,0.00000,0.00000,0.00000,0.00000,0.00000,0.00000,0.00000,0
GoPieHB,TestConcurrentHandleContext,0.57448,0.76716,0.00373,0.00919,0.00113,0.00000,0.00000,0.00000,0.00000,0.00000,0.00000,0.00000,0.00104,0.00000,0.00000,0.00000,0.00000,0.00008,0
GoPieHB,TestConcurrentHandleContext,0.57448,660.78928,0.00003,0.00000,0.00000,0.00000,0.00000,0.00000,0.00000,0.00000,0.00000,0.00000,0.00000,0.00000,0.00000,0.00000,0.00000,0.00000,0
